frame,update_ms,render_ms,swap_ms,frame_ms,loop_ms,total_vertices,visible_vertices,culled_vertices,total_batches,visible_batches,draw_calls,vbo_bytes,index_bytes,texture_binds,material_changes,reflection_passes
1,1.564,6.570,0.031,8.164,8.164,16616,14340,2276,36,23,23,1063424,33900,17,19,0
2,0.049,7.714,0.016,7.778,8.385,16616,14340,2276,36,23,23,1063424,33900,17,19,0
3,0.048,8.156,0.015,8.219,8.007,16616,14340,2276,36,23,23,1063424,33900,17,19,0
4,0.063,8.329,0.021,8.412,8.455,16616,14340,2276,36,23,23,1063424,33900,17,19,0
5,0.070,7.734,0.022,7.827,8.654,16616,14340,2276,36,23,23,1063424,33900,17,19,0
6,0.050,8.178,0.018,8.246,8.027,16616,14340,2276,36,23,23,1063424,33900,17,19,0
7,0.209,8.523,0.022,8.755,8.457,16616,14340,2276,36,23,23,1063424,33900,17,19,0
8,0.054,7.440,0.014,7.508,8.965,16616,14340,2276,36,23,23,1063424,33900,17,19,0
9,0.044,8.125,0.016,8.185,7.655,16616,14340,2276,36,23,23,1063424,33900,17,19,0
10,0.051,8.099,0.024,8.173,8.415,16616,14340,2276,36,23,23,1063424,33900,17,19,0
11,0.063,9.240,0.018,9.321,8.409,16616,14340,2276,36,23,23,1063424,33900,17,19,0
12,0.049,7.694,0.017,7.760,9.532,16616,14340,2276,36,23,23,1063424,33900,17,19,0
13,0.049,8.343,0.013,8.405,7.980,16616,14340,2276,36,23,23,1063424,33900,17,19,0
14,0.079,9.594,0.023,9.697,8.656,16616,14340,2276,36,23,23,1063424,33900,17,19,0
15,0.153,8.986,0.021,9.160,9.964,16616,14340,2276,36,23,23,1063424,33900,17,19,0
16,0.068,5.131,0.017,5.216,9.409,16616,14340,2276,36,23,23,1063424,33900,17,19,0
17,0.075,9.387,0.014,9.476,5.487,16616,14340,2276,36,23,23,1063424,33900,17,19,0
18,0.059,6.904,0.017,6.981,9.690,16616,14340,2276,36,23,23,1063424,33900,17,19,0
19,0.072,7.767,0.014,7.853,7.260,16616,14340,2276,36,23,23,1063424,33900,17,19,0
20,0.075,11.140,0.021,11.236,8.095,16616,14340,2276,36,23,23,1063424,33900,17,19,0
21,0.762,7.781,0.018,8.561,11.542,16616,14340,2276,36,23,23,1063424,33900,17,19,0
22,0.072,8.803,0.013,8.888,8.852,16616,14340,2276,36,23,23,1063424,33900,17,19,0
23,0.027,3.363,0.019,3.409,9.034,16616,14340,2276,36,23,23,1063424,33900,17,19,0
24,0.052,6.982,0.034,7.068,3.636,16616,14340,2276,36,23,23,1063424,33900,17,19,0
25,0.043,9.420,0.015,9.478,7.258,16616,14340,2276,36,23,23,1063424,33900,17,19,0
26,0.050,7.017,0.024,7.091,9.651,16616,14340,2276,36,23,23,1063424,33900,17,19,0
27,0.058,9.091,0.019,9.169,7.354,16616,14340,2276,36,23,23,1063424,33900,17,19,0
28,0.073,8.317,0.023,8.412,9.422,16616,14340,2276,36,23,23,1063424,33900,17,19,0
29,0.100,7.111,0.019,7.230,8.692,16616,14340,2276,36,23,23,1063424,33900,17,19,0
30,0.061,8.639,0.018,8.718,7.433,16616,14340,2276,36,23,23,1063424,33900,17,19,0
31,0.052,8.564,0.015,8.631,8.925,16616,14340,2276,36,23,23,1063424,33900,17,19,0
32,0.042,6.928,0.014,6.985,8.818,16616,14340,2276,36,23,23,1063424,33900,17,19,0
33,0.042,8.109,0.010,8.161,7.179,16616,14340,2276,36,23,23,1063424,33900,17,19,0
34,0.044,8.724,0.016,8.784,8.348,16616,14340,2276,36,23,23,1063424,33900,17,19,0
35,0.058,6.902,0.023,6.982,9.018,16616,14340,2276,36,23,23,1063424,33900,17,19,0
36,0.046,8.153,0.015,8.214,7.197,16616,14340,2276,36,23,23,1063424,33900,17,19,0
37,0.050,7.744,0.015,7.810,8.418,16616,14340,2276,36,23,23,1063424,33900,17,19,0
38,0.062,8.885,0.020,8.967,8.031,16616,14340,2276,36,23,23,1063424,33900,17,19,0
39,0.060,7.364,0.025,7.449,9.194,16616,14340,2276,36,23,23,1063424,33900,17,19,0
40,0.051,7.960,0.022,8.033,7.664,16616,14340,2276,36,23,23,1063424,33900,17,19,0
41,0.082,9.077,0.019,9.177,8.336,16616,14340,2276,36,23,23,1063424,33900,17,19,0
42,0.082,8.083,0.019,8.185,9.455,16616,14340,2276,36,23,23,1063424,33900,17,19,0
43,0.069,6.726,0.022,6.817,8.422,16616,14340,2276,36,23,23,1063424,33900,17,19,0
44,0.127,8.210,0.016,8.352,7.130,16616,14340,2276,36,23,23,1063424,33900,17,19,0
45,0.096,8.945,0.030,9.071,8.657,16616,14340,2276,36,23,23,1063424,33900,17,19,0
46,0.098,6.427,0.017,6.542,9.357,16616,14340,2276,36,23,23,1063424,33900,17,19,0
47,0.079,8.241,0.024,8.344,6.827,16616,14340,2276,36,23,23,1063424,33900,17,19,0
48,0.069,9.905,60.702,70.676,8.625,16616,14340,2276,36,23,23,1063424,33900,17,19,0
