frame,update_ms,render_ms,swap_ms,frame_ms,loop_ms,total_vertices,visible_vertices,culled_vertices,total_batches,visible_batches,draw_calls,vbo_bytes,index_bytes,texture_binds,material_changes,reflection_passes,visible_indices
1,0.088,8.575,0.015,8.677,8.677,21570,28118,0,48,43,43,1639320,44100,34,38,0,20832
2,0.080,7.439,0.012,7.531,8.912,21570,28118,0,48,43,43,1639320,44100,34,38,0,20832
3,0.069,8.160,0.012,8.241,7.742,21570,28118,0,48,43,43,1639320,44100,34,38,0,20832
4,0.083,7.920,0.007,8.010,8.454,21570,28118,0,48,43,43,1639320,44100,34,38,0,20832
5,0.071,8.743,0.014,8.827,8.210,21570,28118,0,48,43,43,1639320,44100,34,38,0,20832
6,0.082,8.015,0.018,8.115,9.038,21570,28118,0,48,43,43,1639320,44100,34,38,0,20832
7,0.066,7.659,0.015,7.740,8.315,21570,28118,0,48,43,43,1639320,44100,34,38,0,20832
8,0.383,7.669,0.017,8.069,8.014,21570,28118,0,48,43,43,1639320,44100,34,38,0,20832
9,0.079,7.806,0.019,7.903,8.294,21570,28118,0,48,43,43,1639320,44100,34,38,0,20832
10,0.076,8.015,0.019,8.111,8.155,21570,28118,0,48,43,43,1639320,44100,34,38,0,20832
11,0.084,7.979,0.010,8.073,8.334,21570,28118,0,48,43,43,1639320,44100,34,38,0,20832
12,0.082,8.001,0.009,8.092,8.300,21570,28118,0,48,43,43,1639320,44100,34,38,0,20832
13,0.077,7.978,0.013,8.068,8.309,21570,28118,0,48,43,43,1639320,44100,34,38,0,20832
14,0.073,8.533,0.021,8.626,8.302,21570,28118,0,48,43,43,1639320,44100,34,38,0,20832
15,0.087,7.602,0.013,7.701,8.844,21570,28118,0,48,43,43,1639320,44100,34,38,0,20832
16,0.099,8.178,0.020,8.297,7.905,21570,28118,0,48,43,43,1639320,44100,34,38,0,20832
17,0.086,8.504,0.017,8.608,8.500,21570,28118,0,48,43,43,1639320,44100,34,38,0,20832
18,0.086,7.454,0.011,7.550,8.797,21570,28118,0,48,43,43,1639320,44100,34,38,0,20832
19,0.066,8.618,0.017,8.701,7.726,21570,28118,0,48,43,43,1639320,44100,34,38,0,20832
20,0.117,8.086,0.027,8.229,8.927,21570,28118,0,48,43,43,1639320,44100,34,38,0,20832
21,0.064,7.666,0.012,7.742,8.417,21570,28118,0,48,43,43,1639320,44100,34,38,0,20832
22,0.059,7.724,0.022,7.805,7.925,21570,28118,0,48,43,43,1639320,44100,34,38,0,20832
23,0.073,8.114,0.016,8.203,8.007,21570,28118,0,48,43,43,1639320,44100,34,38,0,20832
24,0.084,9.175,0.017,9.277,8.493,21570,28118,0,48,43,43,1639320,44100,34,38,0,20832
25,0.068,6.796,0.017,6.881,9.485,21570,28118,0,48,43,43,1639320,44100,34,38,0,20832
26,0.082,8.396,0.019,8.496,7.088,21570,28118,0,48,43,43,1639320,44100,34,38,0,20832
27,0.078,7.770,0.016,7.863,8.718,21570,28118,0,48,43,43,1639320,44100,34,38,0,20832
28,0.078,8.351,0.014,8.443,8.064,21570,28118,0,48,43,43,1639320,44100,34,38,0,20832
29,0.072,7.775,0.013,7.860,8.666,21570,28118,0,48,43,43,1639320,44100,34,38,0,20832
30,0.083,7.894,0.017,7.994,8.150,21570,28118,0,48,43,43,1639320,44100,34,38,0,20832
31,0.089,1.522,0.011,1.622,8.390,21570,28118,0,48,43,43,1639320,44100,34,38,0,20832
32,0.061,3.695,0.016,3.772,1.825,21570,28118,0,48,43,43,1639320,44100,34,38,0,20832
33,0.081,19.362,0.022,19.464,3.989,21570,28118,0,48,43,43,1639320,44100,34,38,0,20832
34,0.136,7.833,0.017,7.986,19.762,21570,28118,0,48,43,43,1639320,44100,34,38,0,20832
35,0.080,7.573,0.026,7.679,8.238,21570,28118,0,48,43,43,1639320,44100,34,38,0,20832
36,0.087,7.933,0.018,8.038,7.911,21570,28118,0,48,43,43,1639320,44100,34,38,0,20832
37,0.082,7.992,0.014,8.087,8.366,21570,28118,0,48,43,43,1639320,44100,34,38,0,20832
38,0.085,7.599,0.026,7.709,8.315,21570,28118,0,48,43,43,1639320,44100,34,38,0,20832
39,0.086,1.182,0.013,1.281,7.931,21570,28118,0,48,43,43,1639320,44100,34,38,0,20832
40,0.165,1.026,0.093,1.283,1.571,21570,28118,0,48,43,43,1639320,44100,34,38,0,20832
41,0.062,0.558,0.011,0.631,1.483,21570,28118,0,48,43,43,1639320,44100,34,38,0,20832
42,0.071,2.084,0.012,2.166,0.835,21570,28118,0,48,43,43,1639320,44100,34,38,0,20832
43,0.073,3.397,0.052,3.521,2.368,21570,28118,0,48,43,43,1639320,44100,34,38,0,20832
44,0.171,14.990,0.019,15.180,3.800,21570,28118,0,48,43,43,1639320,44100,34,38,0,20832
45,0.084,8.113,0.017,8.214,15.496,21570,28118,0,48,43,43,1639320,44100,34,38,0,20832
46,0.106,2.539,0.018,2.663,8.482,21570,28118,0,48,43,43,1639320,44100,34,38,0,20832
47,0.062,2.312,0.018,2.392,2.901,21570,28118,0,48,43,43,1639320,44100,34,38,0,20832
48,0.068,10.202,0.016,10.286,2.595,21570,28118,0,48,43,43,1639320,44100,34,38,0,20832
49,0.103,8.850,0.022,8.975,10.490,21570,28118,0,48,43,43,1639320,44100,34,38,0,20832
50,0.095,7.333,0.059,7.488,9.173,21570,28118,0,48,43,43,1639320,44100,34,38,0,20832
51,0.087,1.552,0.018,1.656,7.679,21570,28118,0,48,43,43,1639320,44100,34,38,0,20832
52,0.098,1.048,0.011,1.158,1.932,21570,28118,0,48,43,43,1639320,44100,34,38,0,20832
53,0.069,1.324,101.524,102.917,1.352,21570,28118,0,48,43,43,1639320,44100,34,38,0,20832
