5,0.0000,0.0000,0.0000,0.0000,0.0000
10,0.0000,0.0000,0.0000,0.0000,0.0000
15,56.0058,3.1000,34.0000,1.5708,0.0000
20,56.1409,3.1000,34.0000,1.5708,0.0000
25,56.2660,3.1000,34.0000,1.5708,0.0000
30,56.3925,3.1000,34.0000,1.5708,0.0000
35,56.5171,3.1000,34.0000,1.5708,0.0000
40,56.6421,3.1000,34.0000,1.5708,0.0000
45,56.7668,3.1000,34.0000,1.5708,0.0000
50,56.8923,3.1000,34.0000,1.5708,0.0000
55,57.0169,3.1000,34.0000,1.5708,0.0000
60,57.1422,3.1000,34.0000,1.5708,0.0000
65,57.2665,3.1000,34.0000,1.5708,0.0000
70,57.4003,3.1000,34.0000,1.5708,0.0000
75,57.5162,3.1000,34.0000,1.5708,0.0000
80,57.6419,3.1000,34.0000,1.5708,0.0000
85,57.7666,3.1000,34.0000,1.5708,0.0000
90,57.8931,3.1000,34.0000,1.5708,0.0000
95,58.0184,3.1000,34.0000,1.5708,0.0000
100,58.1434,3.1000,34.0000,1.5708,0.0000
105,58.2668,3.1000,34.0000,1.5708,0.0000
110,58.3916,3.0946,34.0000,1.5708,0.0000
115,58.5166,3.0725,34.0000,1.5708,0.0000
120,58.6429,3.0329,34.0000,1.5708,0.0000
125,58.7670,2.9771,34.0000,1.5708,0.0000
130,58.8937,2.9028,34.0000,1.5708,0.0000
135,59.0171,2.8137,34.0000,1.5708,0.0000
140,59.1421,2.7064,34.0000,1.5708,0.0000
145,59.2668,2.5825,34.0000,1.5708,0.0000
150,59.3924,2.4405,34.0000,1.5708,0.0000
155,59.5168,2.2830,34.0000,1.5708,0.0000
160,59.6419,2.1077,34.0000,1.5708,0.0000
165,59.7668,1.9157,34.0000,1.5708,0.0000
170,59.8923,1.7055,34.0000,1.5708,0.0000
175,60.0170,1.6000,34.0000,1.5708,0.0000
180,60.1420,1.6000,34.0000,1.5708,0.0000
185,60.2676,1.6000,34.0000,1.5708,0.0000
190,60.3922,1.6000,34.0000,1.5708,0.0000
195,60.5170,1.6000,34.0000,1.5708,0.0000
200,60.6424,1.6000,34.0000,1.5708,0.0000
205,60.7670,1.6000,34.0000,1.5708,0.0000
210,60.8921,1.6000,34.0000,1.5708,0.0000
215,61.0167,1.6000,34.0000,1.5708,0.0000
220,61.1415,1.6000,34.0000,1.5708,0.0000
225,61.2670,1.6000,34.0000,1.5708,0.0000
230,61.3927,1.6000,34.0000,1.5708,0.0000
235,61.5179,1.6000,34.0000,1.5708,0.0000
240,61.6419,1.6000,34.0000,1.5708,0.0000
245,61.7665,1.6000,34.0000,1.5708,0.0000
250,61.8923,1.6000,34.0000,1.5708,0.0000
255,61.9921,1.6000,34.0000,1.5708,0.0000
